<?xml version="1.0" encoding="UTF-8"?>
<!DOCTYPE mapper
    PUBLIC "-//mybatis.org//DTD Mapper 3.0//EN"
    "http://mybatis.org/dtd/mybatis-3-mapper.dtd">
    
<mapper namespace="com.store.dao.CartDao">
	<select id="CartListDao" resultType="com.store.dto.CartListDto">
		select c.cart_id, c.pd_size, c.pd_quantity, p.pd_name, p.pd_price, p.pd_id, p.pd_color, p.pd_price, p.pd_img from cart c join products p on c.pd_id=p.pd_id where c.email=#{email} order by cart_id desc;
	</select>
	
	<select id="cartDuplicateCheckDao" resultType="com.store.dto.CartDto">
		select * from cart where email=#{email} and pd_id=#{pd_id} and pd_size=#{pd_size};
	</select>

	<insert id="addCartDao" parameterType="hashMap">
		insert into cart (email,pd_id,pd_size,pd_quantity) values (#{email}, #{pd_id}, #{pd_size}, #{pd_quantity});
	</insert>
	
	<delete id="deleteCartDao">
		delete from cart where cart_id=#{cart_id};
	</delete>
	
	<update id="updateQuantityCartDao">	
		update cart set pd_quantity=#{param2} where cart_id=#{param1}; 
	</update>
	
	<update id="updateDuplicateCartDao">	
		update cart set pd_quantity=pd_quantity+1 where cart_id=#{param1}; 
	</update>
	
	<delete id="deleteUserCartDao">
		delete from cart where user_email=#{user_email};
	</delete>
</mapper>