<?xml version="1.0" encoding="UTF-8"?>
<!DOCTYPE mapper
    PUBLIC "-//mybatis.org//DTD Mapper 3.0//EN"
    "http://mybatis.org/dtd/mybatis-3-mapper.dtd">
 
<mapper namespace="com.store.dao.UserDao"> 
			<!-- 회원가입 Query  -->
			<insert id="UserSignUp"> 
				INSERT INTO 
				users 
				( user_email, user_password ) VALUES 
				(#{user_email} ,#{user_password}) 
			</insert> 
			
			<!-- USER EMAIL -->
			<select id="UserEmail" parameterType="String" resultType="int"> 
			     SELECT COUNT(*) FROM users WHERE user_email = #{user_email}      	
			</select>
			
	    	<!-- USER PASSWORD  -->
			<select id="UserPassword" parameterType="String" resultType="int">
				 SELECT COUNT(*) FROM users WHERE user_password = #{user_password}  	
			</select>
			
		    <!-- USER 정보  -->
			<select id="getUserInfo" parameterType="String" resultType="com.store.dto.UserDto">
			 	SELECT * FROM users WHERE user_email = #{user_email}
			</select>

			<!--USER INFO UPDATE  -->
			<update id="UserUpdate">
			  UPDATE 
			  users 
			  SET 
			  user_name = #{user_name},
			  user_birth = #{user_birth},
			  user_phone = #{user_phone},
			  user_gender = #{user_gender}
			  WHERE
			  user_email = #{user_email}
			</update>
			
			<!-- USER UPDATE ADDRESS  -->
			<update id="updateMainAddress">
			   UPDATE
			   users
			   SET
			   main_address1 = #{main_address1},
			   main_address2 = #{main_address2},
			   main_address3 = #{main_address3},
			   main_address4 = #{main_address4}
			   WHERE
			   user_email = #{user_email}
			</update>
			
			<!-- USER UPDATE ADDRESS  -->
			<update id="updateOrderUserInfo">
			   UPDATE
			   users
			   SET
			   user_name = #{user_name},
			   main_address1 = #{main_address1},
			   main_address2 = #{main_address2},
			   main_address3 = #{main_address3},
			   main_address4 = #{main_address4},
			   user_phone = #{user_phone}
			   WHERE
			   user_email = #{user_email}
			</update>
			
			<!-- DELETE INFO USER -->
			<delete id="deleteInfoUser">
			  DELETE
			  FROM
			  users
			  WHERE
			  user_email = #{user_email}
			</delete>
			
			<update id="updatePassword">
			 UPDATE
			   users
			   SET
			   user_password = #{user_password}
			   WHERE
			  user_email = #{user_email}	
			</update>
			
         <select id="userAllList" resultType="com.store.dto.UserDto"> 
              SELECT user_email, user_name, user_phone, regDate FROM users order by regDate DESC
         </select>
         
         <select id="userListCount" resultType="int"> 
              SELECT COUNT(*) FROM users 
         </select>
         
         <select id="userSearchList" resultType="com.store.dto.UserDto"> 
              SELECT user_email, user_name, user_phone, regDate 
              FROM users where user_email like #{search} OR user_name like #{search}
              order by regDate DESC
         </select>
         
         <select id="userSearchCount" resultType="int"> 
              SELECT COUNT(*) FROM users where user_email like #{search} OR user_name like #{search}
         </select>
</mapper>